nome,cpf,idade,data,endereco,estado
Sr. Vitor Gabriel Silva,640.***.***-01,0.0,,Endereço Inválido,AP
Calebe Santos,651.***.***-46,0.0,,Endereço Inválido,PB
Maria Julia Castro,164.***.***-43,0.0,,Endereço Inválido,AL
Arthur Da Rosa,085.***.***-30,0.0,,Endereço Inválido,SE
Juan Pereira,520.***.***-21,0.0,,Endereço Inválido,BA
Dra. Ana Laura Ribeiro,210.***.***-20,0.0,,Endereço Inválido,SP
Maria Clara Araújo,960.***.***-80,0.0,,Endereço Inválido,RO
Vitória Oliveira,302.***.***-83,0.0,,Endereço Inválido,GO
Benjamin Oliveira,451.***.***-84,0.0,,Endereço Inválido,CE
Pietro Barros,843.***.***-50,0.0,,Endereço Inválido,PB
Samuel Cavalcanti,520.***.***-01,0.0,,Endereço Inválido,TO
Ian Da Costa,384.***.***-78,0.0,,Endereço Inválido,PB
Dr. Emanuel Costa,736.***.***-19,0.0,,Endereço Inválido,RJ
Larissa Da Cruz,128.***.***-60,0.0,,Endereço Inválido,RR
Diogo Carvalho,078.***.***-97,0.0,,Endereço Inválido,RS
Sr. Anthony Almeida,305.***.***-60,0.0,,Endereço Inválido,RJ
Clara Martins,397.***.***-86,0.0,,Endereço Inválido,MG
Dr. Luiz Felipe Cardoso,374.***.***-20,0.0,,Endereço Inválido,PE
Sr. Calebe Lopes,135.***.***-77,0.0,,Endereço Inválido,RO
Miguel Monteiro,097.***.***-41,0.0,,Endereço Inválido,SE
Srta. Catarina Da Mata,468.***.***-57,0.0,,Endereço Inválido,AM
João Gabriel Araújo,625.***.***-25,0.0,,Endereço Inválido,MT
Sr. Nicolas Azevedo,036.***.***-33,0.0,,Endereço Inválido,AC
Kamilly Caldeira,508.***.***-47,0.0,,Endereço Inválido,AP
Renan Araújo,186.***.***-57,0.0,,Endereço Inválido,CE
Vicente Nascimento,054.***.***-32,0.0,,"largo vieira
milionario
78970057 dias / df",DF
Isaac Rocha,873.***.***-69,0.0,,Endereço Inválido,PE
Julia Das Neves,819.***.***-05,0.0,,Endereço Inválido,ES
Breno Rodrigues,196.***.***-34,0.0,,Endereço Inválido,AM
Isabel Nogueira,968.***.***-65,0.0,,Endereço Inválido,TO
Anthony Araújo,208.***.***-26,0.0,,Endereço Inválido,AP
Sra. Marina Da Cunha,067.***.***-95,0.0,,Endereço Inválido,RN
Helena Cardoso,853.***.***-39,0.0,,Endereço Inválido,RR
Luigi Nunes,593.***.***-24,0.0,,Endereço Inválido,RR
Srta. Raquel Da Costa,278.***.***-09,0.0,,"estação ribeiro, 46
venda nova
45512787 silva / pb",PB
Sra. Ana Vitória Oliveira,120.***.***-17,0.0,,Endereço Inválido,PA
Luiza Campos,974.***.***-03,0.0,,Endereço Inválido,SC
Lucca Da Paz,526.***.***-95,0.0,,Endereço Inválido,RN
Nathan Da Rosa,907.***.***-25,0.0,,Endereço Inválido,AM
Lívia Silveira,804.***.***-85,0.0,,Endereço Inválido,AL
Isabel Cavalcanti,492.***.***-04,0.0,,Endereço Inválido,PA
Rafael Nunes,285.***.***-76,0.0,,Endereço Inválido,GO
Elisa Fogaça,572.***.***-92,0.0,,Endereço Inválido,PE
Agatha Ramos,948.***.***-85,0.0,,Endereço Inválido,RJ
Kamilly Rocha,946.***.***-48,0.0,,Endereço Inválido,DF
Antônio Das Neves,435.***.***-82,0.0,,Endereço Inválido,SC
Luiz Gustavo Alves,198.***.***-10,0.0,,Endereço Inválido,MS
Emanuella Fernandes,097.***.***-96,0.0,,Endereço Inválido,PR
Srta. Ana Beatriz Farias,431.***.***-39,0.0,,Endereço Inválido,PE
Yago Monteiro,865.***.***-00,0.0,,Endereço Inválido,BA
Yasmin Gonçalves,017.***.***-14,0.0,,Endereço Inválido,BA
Bruna Nascimento,132.***.***-52,0.0,,Endereço Inválido,DF
Davi Luiz Nogueira,873.***.***-50,0.0,,"vila sales, 97
paquetá
59231544 da luz grande / es",ES
Ian Monteiro,324.***.***-91,0.0,,Endereço Inválido,MS
Srta. Helena Silva,905.***.***-01,0.0,,Endereço Inválido,AC
Bárbara Novaes,038.***.***-15,0.0,,Endereço Inválido,PA
Sr. Pedro Lucas Costela,534.***.***-00,0.0,,Endereço Inválido,ES
Rafael Jesus,673.***.***-80,0.0,,Endereço Inválido,DF
Sra. Alícia Caldeira,051.***.***-70,0.0,,Endereço Inválido,PA
Danilo Martins,760.***.***-39,0.0,,"largo pires, 78
bacurau
13125523 sales verde / ap",AP
Sr. Gabriel Da Rosa,530.***.***-53,0.0,,Endereço Inválido,CE
Augusto Teixeira,412.***.***-16,0.0,,Endereço Inválido,RR
Ana Julia Da Rosa,630.***.***-65,0.0,,Endereço Inválido,SP
Lucca Barbosa,836.***.***-77,0.0,,"rua mendes, 337
penha
06179-472 sales do sul / sp",SP
Amanda Da Costa,268.***.***-29,0.0,,"lagoa cardoso, 1
ambrosina
61793-758 da rocha / sp",SP
Dr. Francisco Cardoso,430.***.***-50,0.0,,Endereço Inválido,TO
Lorena Farias,268.***.***-82,0.0,,Endereço Inválido,AP
Anthony Da Costa,935.***.***-97,0.0,,Endereço Inválido,SE
Cauã Rodrigues,107.***.***-87,0.0,,Endereço Inválido,AL
Anthony Barbosa,631.***.***-00,0.0,,Endereço Inválido,RN
Ana Julia Almeida,179.***.***-09,0.0,,Endereço Inválido,MA
Milena Barros,314.***.***-51,0.0,,Endereço Inválido,PA
Murilo Gomes,759.***.***-93,0.0,,Endereço Inválido,SP
Daniel Barbosa,812.***.***-98,0.0,,Endereço Inválido,CE
Dr. Samuel Cardoso,039.***.***-96,0.0,,Endereço Inválido,BA
Ana Laura Sales,863.***.***-22,0.0,,Endereço Inválido,PR
Mariana Cunha,492.***.***-25,0.0,,Endereço Inválido,AM
Sr. João Guilherme Cavalcanti,347.***.***-70,0.0,,Endereço Inválido,MS
Kamilly Rocha,365.***.***-10,0.0,,Endereço Inválido,MS
Gabriel Nunes,940.***.***-04,0.0,,Endereço Inválido,PA
Rafael Correia,579.***.***-05,0.0,,"morro de cardoso, 47
marçola
82157940 melo / se",SE
Ana Lívia Barbosa,925.***.***-60,0.0,,Endereço Inválido,CE
Maitê Teixeira,694.***.***-39,0.0,,Endereço Inválido,PE
Carlos Eduardo Santos,937.***.***-37,0.0,,"largo nascimento, 97
delta
00090-218 barbosa / pr",PR
Enzo Gabriel Araújo,349.***.***-96,0.0,,Endereco Inválido,desconhecido
Breno Moreira,184.***.***-49,0.0,,Endereço Inválido,AL
Julia Lopes,106.***.***-31,0.0,,Endereço Inválido,PR
André Lima,645.***.***-70,0.0,,Endereço Inválido,RO
João Gabriel Barbosa,190.***.***-67,0.0,,Endereço Inválido,DF
,438.***.***-56,0.0,,Endereço Inválido,GO
João Felipe Oliveira,830.***.***-00,0.0,,Endereço Inválido,RN
Samuel Vieira,218.***.***-53,0.0,,Endereço Inválido,MT
Lucca Ferreira,237.***.***-19,0.0,,Endereço Inválido,MG
Samuel Castro,582.***.***-70,0.0,,Endereço Inválido,AL
Maria Vitória Teixeira,426.***.***-25,0.0,,"praia carvalho, 7
vila nova
08272068 costela / pa",PA
Maria Fernanda Farias,907.***.***-20,0.0,,Endereço Inválido,AM
Fernanda Sales,879.***.***-32,0.0,,Endereço Inválido,PE
Srta. Eduarda Nogueira,602.***.***-07,0.0,,Endereço Inválido,PB
Maitê Ferreira,016.***.***-99,0.0,,Endereço Inválido,PR
Catarina Pires,079.***.***-11,0.0,,Endereço Inválido,MT
Manuela Da Rocha,839.***.***-57,0.0,,Endereço Inválido,SP
Nina Moura,604.***.***-25,0.0,,Endereço Inválido,PA
Pedro Henrique Vieira,526.***.***-03,0.0,,Endereço Inválido,RR
Ana Clara Cunha,862.***.***-02,0.0,,Endereço Inválido,AC
Pietra Santos,508.***.***-67,0.0,,Endereço Inválido,GO
Sr. Theo Da Conceição,284.***.***-14,0.0,,Endereço Inválido,RR
Vinicius Da Costa,023.***.***-16,0.0,,Endereço Inválido,PA
Pedro Henrique Cunha,519.***.***-93,0.0,,Endereço Inválido,ES
Davi Nogueira,564.***.***-11,0.0,,Endereço Inválido,CE
Luiz Fernando Da Paz,409.***.***-11,0.0,,Endereço Inválido,TO
Srta. Letícia Rocha,137.***.***-32,0.0,,Endereço Inválido,SC
João Nogueira,367.***.***-10,0.0,,Endereço Inválido,CE
João Gabriel Cardoso,962.***.***-34,0.0,,Endereço Inválido,AC
Ryan Ribeiro,409.***.***-48,0.0,,Endereço Inválido,PB
Olivia Das Neves,314.***.***-55,0.0,,Endereço Inválido,AL
Sr. Luiz Miguel Pinto,942.***.***-76,0.0,,Endereço Inválido,SC
Elisa Teixeira,217.***.***-73,0.0,,Endereço Inválido,ES
Pedro Miguel Das Neves,523.***.***-03,0.0,,Endereço Inválido,RS
Maria Luiza Azevedo,064.***.***-47,0.0,,Endereço Inválido,PE
Lorenzo Silva,642.***.***-13,0.0,,Endereço Inválido,RJ
Bianca Souza,673.***.***-40,0.0,,Endereço Inválido,SC
Vitor Azevedo,643.***.***-20,0.0,,Endereço Inválido,AL
Enzo Gabriel Lima,187.***.***-94,0.0,,Endereço Inválido,SP
Eduarda Cunha,093.***.***-32,0.0,,Endereço Inválido,PI
Sra. Nicole Da Rocha,367.***.***-03,0.0,,Endereço Inválido,RR
Ana Clara Santos,430.***.***-04,0.0,,Endereço Inválido,DF
Enzo Gabriel Castro,694.***.***-65,0.0,,Endereço Inválido,PB
Nicole Ferreira,701.***.***-22,0.0,,Endereço Inválido,ES
Erick Sales,498.***.***-48,0.0,,Endereço Inválido,PR
Anthony Barros,742.***.***-07,0.0,,Endereço Inválido,PA
Renan Da Rocha,986.***.***-10,0.0,,"morro melo, 463
grajaú
18981-145 da conceição / ro",RO
Marcela Santos,843.***.***-42,0.0,,Endereço Inválido,RN
Carolina Melo,970.***.***-05,0.0,,Endereço Inválido,SC
Lavínia Rezende,946.***.***-70,0.0,,Endereço Inválido,CE
Srta. Julia Porto,502.***.***-61,0.0,,Endereço Inválido,MA
Alana Cardoso,572.***.***-41,0.0,,Endereço Inválido,PR
Davi Lucas Cardoso,805.***.***-83,0.0,,"viela da paz, 92
serra
95443238 correia / mt",MT
Raul Santos,315.***.***-03,0.0,,Endereço Inválido,SP
Igor Melo,261.***.***-17,0.0,,Endereço Inválido,PR
Joaquim Da Costa,274.***.***-56,0.0,,Endereço Inválido,SP
João Felipe Farias,936.***.***-01,0.0,,Endereço Inválido,PE
Manuela Almeida,647.***.***-30,0.0,,Endereço Inválido,PE
Ryan Rocha,248.***.***-51,0.0,,Endereço Inválido,PI
Luna Da Conceição,935.***.***-91,0.0,,"campo campos, 82
são pedro
10003961 da mata / ma",MA
Manuela Silva,591.***.***-73,0.0,,Endereço Inválido,AL
Maria Vitória Das Neves,761.***.***-34,0.0,,Endereço Inválido,PE
Marcela Cunha,904.***.***-32,0.0,,Endereço Inválido,SE
Bryan Souza,593.***.***-00,0.0,,Endereço Inválido,BA
Kevin Cavalcanti,658.***.***-01,0.0,,Endereço Inválido,PR
Sr. João Gabriel Martins,794.***.***-85,0.0,,Endereço Inválido,MA
Gabriela Da Mata,746.***.***-90,0.0,,Endereço Inválido,CE
Srta. Júlia Fernandes,650.***.***-98,0.0,,Endereço Inválido,TO
Bárbara Silveira,386.***.***-04,0.0,,Endereço Inválido,RN
Vinicius Jesus,549.***.***-91,0.0,,"morro de duarte
pindorama
91232749 cunha / rs",RS
Srta. Alice Pires,536.***.***-56,0.0,,Endereço Inválido,RO
Lara Ferreira,698.***.***-75,0.0,,Endereço Inválido,RS
Felipe Freitas,863.***.***-01,0.0,,Endereço Inválido,AC
Maysa Pires,852.***.***-11,0.0,,Endereço Inválido,PR
Letícia Da Mata,308.***.***-31,0.0,,Endereço Inválido,PR
Luigi Cunha,623.***.***-34,0.0,,Endereço Inválido,PA
Lucas Gabriel Gomes,120.***.***-40,0.0,,Endereço Inválido,PI
Emanuelly Costela,152.***.***-97,0.0,,"vale de vieira, 67
suzana
02233962 alves / pa",PA
Calebe Nascimento,631.***.***-87,0.0,,Endereço Inválido,RJ
Juan Pires,139.***.***-46,0.0,,Endereço Inválido,MS
Lívia Costa,582.***.***-50,0.0,,Endereço Inválido,AM
Davi Lucas Nunes,679.***.***-03,0.0,,"vila viana, 68
nova cintra
01930898 porto / am",AM
Dr. Lucca Oliveira,806.***.***-75,0.0,,Endereço Inválido,PB
Eduardo Monteiro,037.***.***-65,0.0,,Endereço Inválido,PE
Diogo Moraes,571.***.***-52,0.0,,Endereço Inválido,RJ
Felipe Freitas,657.***.***-57,0.0,,Endereço Inválido,RR
Ryan Peixoto,830.***.***-98,0.0,,Endereço Inválido,TO
Otávio Pires,526.***.***-01,0.0,,Endereço Inválido,MS
Thiago Moreira,023.***.***-03,0.0,,Endereço Inválido,SC
Pietro Lopes,428.***.***-19,0.0,,Endereço Inválido,SP
Gabriela Gomes,317.***.***-50,0.0,,Endereço Inválido,RO
João Miguel Viana,183.***.***-77,0.0,,Endereço Inválido,DF
Sr. Luiz Henrique Nunes,031.***.***-77,0.0,,Endereço Inválido,TO
Srta. Ana Sophia Viana,937.***.***-68,0.0,,Endereço Inválido,AP
Sr. Marcelo Aragão,418.***.***-40,0.0,,Endereço Inválido,TO
Enzo Gabriel Da Mota,018.***.***-24,0.0,,"vila farias
braúnas
89867214 nogueira do sul / se",SE
Benjamin Da Rosa,195.***.***-86,0.0,,Endereço Inválido,RJ
Ana Rezende,316.***.***-64,0.0,,Endereço Inválido,PE
Dr. Thomas Dias,267.***.***-03,0.0,,Endereço Inválido,AP
Breno Ribeiro,803.***.***-78,0.0,,Endereço Inválido,MG
Lucas Gabriel Novaes,856.***.***-11,0.0,,Endereço Inválido,SC
Vicente Rodrigues,328.***.***-79,0.0,,Endereço Inválido,RN
João Lucas Vieira,985.***.***-05,0.0,,Endereço Inválido,RN
Dr. Luiz Henrique Freitas,951.***.***-88,0.0,,Endereço Inválido,SC
Dra. Luiza Da Conceição,189.***.***-33,0.0,,Endereço Inválido,PR
Benjamin Cavalcanti,317.***.***-41,0.0,,Endereço Inválido,MT
Murilo Mendes,653.***.***-17,0.0,,Endereço Inválido,SE
Dr. Renan Rezende,609.***.***-38,0.0,,Endereço Inválido,PR
Maysa Porto,081.***.***-84,0.0,,Endereço Inválido,RO
Pedro Lucas Pereira,873.***.***-35,0.0,,"quadra almeida, 83
paquetá
47111-767 ferreira / ce",CE
Isadora Nogueira,480.***.***-05,0.0,,Endereço Inválido,RJ
Gabriel Ramos,591.***.***-05,0.0,,Endereço Inválido,TO
Yago Ferreira,531.***.***-00,0.0,,Endereço Inválido,RS
Samuel Da Mata,521.***.***-11,0.0,,Endereço Inválido,MG
Sophie Pinto,317.***.***-50,0.0,,Endereço Inválido,SE
Dr. Rafael Souza,436.***.***-07,0.0,,Endereço Inválido,AM
Vitor Hugo Lima,450.***.***-80,0.0,,Endereço Inválido,PR
Dr. Bernardo Da Cruz,230.***.***-50,0.0,,Endereço Inválido,AM
Caio Da Cunha,926.***.***-00,0.0,,Endereço Inválido,RO
Stephany Duarte,642.***.***-46,0.0,,Endereço Inválido,SE
Kevin Da Conceição,074.***.***-94,0.0,,Endereço Inválido,PE
Srta. Giovanna Aragão,142.***.***-17,0.0,,Endereço Inválido,AL
Pedro Henrique Pinto,653.***.***-37,0.0,,"colônia de azevedo, 22
centro
28232955 vieira / ce",CE
Joaquim Da Cruz,532.***.***-41,0.0,,Endereço Inválido,AM
Leandro Souza,560.***.***-86,0.0,,"estrada de castro, 671
trevo
70826-740 aragão / pi",PI
Beatriz Aragão,805.***.***-04,0.0,,Endereço Inválido,AL
Carlos Eduardo Teixeira,546.***.***-98,0.0,,Endereço Inválido,ES
Joana Da Rocha,915.***.***-33,0.0,,Endereço Inválido,MG
Lucas Gabriel Da Luz,203.***.***-70,0.0,,"via de santos
delta
16982254 da rosa / df",DF
Davi Lucas Da Costa,502.***.***-52,0.0,,Endereço Inválido,AL
Henrique Da Rocha,713.***.***-44,0.0,,Endereço Inválido,AM
Lorena Fernandes,574.***.***-93,0.0,,Endereço Inválido,PR
Nathan Nogueira,837.***.***-56,0.0,,Endereço Inválido,DF
Srta. Maysa Rezende,726.***.***-55,0.0,,Endereço Inválido,PI
Erick Santos,680.***.***-67,0.0,,Endereço Inválido,TO
Agatha Sales,983.***.***-30,0.0,,Endereço Inválido,SP
Ana Beatriz Moreira,637.***.***-66,0.0,,Endereço Inválido,AM
Antônio Da Rocha,943.***.***-23,0.0,,Endereço Inválido,AM
Dra. Vitória Viana,813.***.***-24,0.0,,Endereço Inválido,RO
Enzo Monteiro,534.***.***-04,0.0,,Endereço Inválido,PR
Bernardo Santos,045.***.***-29,0.0,,Endereço Inválido,PR
Guilherme Cunha,237.***.***-02,0.0,,Endereço Inválido,PI
Raul Rodrigues,193.***.***-33,0.0,,"praça souza
santa inês
51653-076 sales / sc",SC
Pietra Lima,591.***.***-39,0.0,,Endereço Inválido,MT
Camila Barbosa,560.***.***-59,0.0,,Endereço Inválido,PA
Kaique Almeida,078.***.***-02,0.0,,Endereço Inválido,MS
Antônio Porto,015.***.***-60,0.0,,Endereço Inválido,RR
Alana Rezende,216.***.***-60,0.0,,Endereço Inválido,ES
Vitor Almeida,134.***.***-00,0.0,,Endereço Inválido,RR
Isabelly Da Mota,709.***.***-48,0.0,,Endereço Inválido,PA
Isis Oliveira,893.***.***-87,0.0,,Endereço Inválido,AL
Carolina Gomes,845.***.***-28,0.0,,Endereço Inválido,AL
Srta. Natália Rodrigues,548.***.***-88,0.0,,Endereço Inválido,MS
Fernando Ramos,032.***.***-38,0.0,,Endereço Inválido,PR
Gabriela Da Cruz,109.***.***-77,0.0,,Endereço Inválido,CE
Noah Cavalcanti,273.***.***-60,0.0,,Endereço Inválido,MT
Clara Moreira,079.***.***-05,0.0,,Endereço Inválido,PB
Laura Araújo,134.***.***-25,0.0,,Endereço Inválido,PI
Dr. Luiz Otávio Sales,472.***.***-60,0.0,,"via novaes, 81
vila são paulo
75725-378 viana / mt",MT
Emilly Da Mata,839.***.***-83,0.0,,Endereço Inválido,ES
Kevin Rodrigues,086.***.***-50,0.0,,Endereço Inválido,PE
Davi Pereira,209.***.***-89,0.0,,Endereço Inválido,MG
Thomas Silva,891.***.***-89,0.0,,Endereço Inválido,RN
Ana Lívia Da Cruz,135.***.***-84,0.0,,"praça correia, 3
canadá
10967-617 da rocha / rj",RJ
Sr. Vicente Silveira,318.***.***-57,0.0,,Endereço Inválido,PA
Sophie Caldeira,403.***.***-17,0.0,,Endereço Inválido,PA
Gabriel Costa,930.***.***-34,0.0,,"núcleo carvalho, 87
piraja
27363-406 aragão / pi",PI
Ana Carolina Costa,680.***.***-80,0.0,,Endereço Inválido,RO
Maitê Fogaça,543.***.***-57,0.0,,Endereço Inválido,RN
Bruna Caldeira,259.***.***-03,0.0,,Endereço Inválido,AC
Caroline Moura,593.***.***-25,0.0,,"chácara da luz, 27
bonfim
19292291 freitas / sp",SP
Sra. Ana Júlia Pires,561.***.***-06,0.0,,"núcleo cardoso
barreiro
53334004 da mata / to",TO
Dra. Larissa Fernandes,503.***.***-51,0.0,,Endereço Inválido,GO
Rodrigo Da Luz,416.***.***-61,0.0,,Endereço Inválido,PB
Carlos Eduardo Barros,730.***.***-70,0.0,,Endereço Inválido,GO
Ana Laura Silva,047.***.***-66,0.0,,"vale pinto, 70
esplanada
62764-552 azevedo / pi",PI
Maitê Nogueira,517.***.***-06,0.0,,Endereço Inválido,SP
Ana Laura Da Luz,681.***.***-90,0.0,,Endereço Inválido,TO
Sra. Brenda Viana,154.***.***-01,0.0,,Endereço Inválido,ES
Augusto Teixeira,360.***.***-47,0.0,,Endereço Inválido,AM
Dr. Francisco Lima,318.***.***-70,0.0,,Endereço Inválido,AP
Isaac Da Luz,293.***.***-83,0.0,,Endereço Inválido,RO
Calebe Jesus,068.***.***-00,0.0,,Endereço Inválido,SC
Kevin Melo,786.***.***-22,0.0,,Endereço Inválido,BA
Pedro Miguel Peixoto,079.***.***-68,0.0,,"passarela moura, 85
vila rica
97660-932 pinto / df",DF
Gabrielly Almeida,498.***.***-00,0.0,,Endereço Inválido,PB
Murilo Correia,197.***.***-93,0.0,,Endereço Inválido,SP
Matheus Dias,156.***.***-53,0.0,,Endereco Inválido,desconhecido
Stella Cardoso,798.***.***-39,0.0,,Endereço Inválido,GO
Marcela Barbosa,509.***.***-66,0.0,,Endereço Inválido,MS
Ana Carolina Pires,612.***.***-06,0.0,,Endereço Inválido,RS
Helena Aragão,791.***.***-23,0.0,,Endereço Inválido,AP
João Gabriel Oliveira,496.***.***-09,0.0,,Endereço Inválido,MA
Maria Cecília Vieira,491.***.***-64,0.0,,Endereço Inválido,TO
Lorena Rodrigues,461.***.***-90,0.0,,Endereço Inválido,PE
Nicolas Cunha,873.***.***-53,0.0,,Endereço Inválido,GO
Vitor Hugo Ramos,485.***.***-06,0.0,,"travessa melo, 5
biquinhas
66489954 farias / es",ES
Luigi Aragão,704.***.***-74,0.0,,Endereço Inválido,DF
Maria Julia Barros,123.***.***-77,0.0,,Endereço Inválido,PE
Luiz Gustavo Silveira,178.***.***-03,0.0,,Endereço Inválido,PR
Ana Júlia Fernandes,795.***.***-76,0.0,,Endereço Inválido,SE
Luiz Miguel Novaes,754.***.***-28,0.0,,Endereço Inválido,MG
Gabriel Santos,142.***.***-30,0.0,,Endereço Inválido,PE
Srta. Sophie Vieira,624.***.***-17,0.0,,Endereço Inválido,PI
Júlia Cardoso,482.***.***-02,0.0,,Endereço Inválido,RS
Dra. Gabriela Jesus,846.***.***-40,0.0,,"vereda cunha
jardim do vale
23769849 peixoto / es",ES
Dr. João Gabriel Correia,038.***.***-08,0.0,,Endereço Inválido,TO
Luiz Gustavo Jesus,625.***.***-02,0.0,,Endereço Inválido,PI
Rodrigo Ferreira,527.***.***-49,0.0,,"estação moraes, 13
carmo
16880467 sales / mg",MG
Alícia Ribeiro,514.***.***-94,0.0,,Endereço Inválido,MG
Sr. André Da Mata,169.***.***-15,0.0,,Endereço Inválido,SE
Srta. Maria Julia Campos,245.***.***-55,0.0,,Endereço Inválido,SP
João Gabriel Ferreira,018.***.***-03,0.0,,Endereço Inválido,AP
Thomas Moraes,291.***.***-05,0.0,,Endereço Inválido,GO
Clara Melo,860.***.***-57,0.0,,Endereço Inválido,MS
Luigi Cavalcanti,078.***.***-50,0.0,,Endereço Inválido,RN
Dra. Stella Da Costa,340.***.***-51,0.0,,Endereço Inválido,RO
Isabella Da Paz,289.***.***-65,0.0,,Endereço Inválido,AL
Enzo Da Rocha,874.***.***-13,0.0,,Endereço Inválido,GO
Olivia Fernandes,016.***.***-48,0.0,,Endereço Inválido,AP
André Da Mata,648.***.***-08,0.0,,Endereço Inválido,MA
Pedro Henrique Cavalcanti,938.***.***-86,0.0,,"núcleo de rocha, 9
sport club
85502-689 dias / sp",SP
Joaquim Silveira,671.***.***-12,0.0,,Endereço Inválido,AC
Mirella Rodrigues,216.***.***-94,0.0,,Endereço Inválido,RJ
Sra. Isabelly Azevedo,087.***.***-76,0.0,,Endereço Inválido,AC
Dr. Samuel Ferreira,720.***.***-87,0.0,,Endereço Inválido,ES
Otávio Carvalho,643.***.***-90,0.0,,Endereço Inválido,SE
Dra. Stephany Da Mota,154.***.***-51,0.0,,"colônia monteiro, 49
europa
08852-447 souza / mt",MT
Cauê Mendes,152.***.***-44,0.0,,Endereço Inválido,BA
Alexandre Nunes,496.***.***-33,0.0,,Endereço Inválido,MG
Maria Fernanda Aragão,372.***.***-53,0.0,,Endereço Inválido,RS
João Guilherme Silva,820.***.***-30,0.0,,Endereço Inválido,DF
Lorena Rezende,753.***.***-95,0.0,,Endereço Inválido,MG
Maria Sophia Da Cruz,690.***.***-34,0.0,,Endereço Inválido,MG
Milena Das Neves,685.***.***-89,0.0,,Endereço Inválido,PB
Kamilly Da Cunha,520.***.***-80,0.0,,Endereço Inválido,RO
Luiz Miguel Aragão,937.***.***-12,0.0,,Endereço Inválido,AM
Ana Laura Ribeiro,754.***.***-47,0.0,,Endereço Inválido,RJ
Lorena Da Mota,162.***.***-90,0.0,,Endereço Inválido,MA
Emanuella Souza,617.***.***-07,0.0,,Endereço Inválido,PI
Cecília Pinto,498.***.***-30,0.0,,Endereço Inválido,MG
Pedro Henrique Cunha,584.***.***-00,0.0,,Endereço Inválido,CE
Sra. Eloah Da Mota,901.***.***-03,0.0,,Endereço Inválido,SP
Samuel Da Rocha,159.***.***-97,0.0,,Endereço Inválido,TO
Melissa Almeida,705.***.***-92,0.0,,Endereço Inválido,PE
Carlos Eduardo Da Mota,894.***.***-20,0.0,,Endereço Inválido,RN
Dr. Vitor Da Mota,789.***.***-28,0.0,,Endereço Inválido,PE
Dr. Diogo Costela,962.***.***-73,0.0,,Endereço Inválido,PE
Rafaela Rodrigues,578.***.***-60,0.0,,Endereço Inválido,AC
Vitor Hugo Da Conceição,716.***.***-55,0.0,,Endereço Inválido,RR
Ana Laura Caldeira,518.***.***-73,0.0,,Endereço Inválido,PE
Dra. Laura Silveira,472.***.***-49,0.0,,Endereço Inválido,AM
Sr. Rafael Pereira,492.***.***-79,0.0,,Endereço Inválido,PE
Manuela Mendes,518.***.***-60,0.0,,Endereço Inválido,MG
Igor Lopes,073.***.***-22,0.0,,Endereço Inválido,CE
Marcelo Moreira,346.***.***-87,0.0,,Endereço Inválido,ES
Thomas Costela,428.***.***-22,0.0,,Endereço Inválido,RS
Luiz Otávio Gonçalves,637.***.***-90,0.0,,Endereço Inválido,MG
Stella Da Costa,063.***.***-07,0.0,,Endereço Inválido,RR
Luana Da Cruz,083.***.***-86,0.0,,"distrito rocha
luxemburgo
87202478 araújo / ce",CE
Maria Cecília Lima,132.***.***-89,0.0,,Endereço Inválido,ES
Melissa Teixeira,642.***.***-78,0.0,,Endereço Inválido,RS
Dr. Vinicius Pires,163.***.***-10,0.0,,Endereço Inválido,MS
Luiz Miguel Farias,962.***.***-00,0.0,,Endereço Inválido,RN
Breno Correia,148.***.***-67,0.0,,Endereço Inválido,GO
Laís Costela,306.***.***-53,0.0,,Endereço Inválido,RS
Dr. Diego Da Mata,293.***.***-41,0.0,,Endereço Inválido,MG
Letícia Da Mota,852.***.***-02,0.0,,Endereço Inválido,DF
Luna Ferreira,843.***.***-14,0.0,,Endereço Inválido,RS
Dr. Emanuel Silveira,430.***.***-80,0.0,,Endereço Inválido,PI
Lorena Sales,263.***.***-15,0.0,,"fazenda caldeira
satelite
32090552 freitas / am",AM
Davi Da Mata,846.***.***-39,0.0,,"vila alves
jardim atlântico
71862-679 costa / df",DF
Isabel Melo,748.***.***-09,0.0,,Endereço Inválido,PB
Raul Oliveira,298.***.***-64,0.0,,Endereço Inválido,PA
Levi Da Mata,192.***.***-32,0.0,,Endereço Inválido,CE
Heloísa Castro,587.***.***-44,0.0,,"sítio de cardoso, 88
acaiaca
38458223 dias / rs",RS
Sra. Júlia Da Paz,046.***.***-74,0.0,,Endereço Inválido,CE
Luana Viana,213.***.***-21,0.0,,Endereço Inválido,SE
Sr. Renan Sales,364.***.***-83,0.0,,Endereço Inválido,AC
Caio Aragão,714.***.***-62,0.0,,Endereço Inválido,RN
Srta. Lavínia Ribeiro,263.***.***-51,0.0,,Endereço Inválido,RJ
Sofia Da Mata,806.***.***-84,0.0,,"jardim de lopes, 7
planalto
72162-664 da luz / am",AM
André Araújo,819.***.***-13,0.0,,Endereço Inválido,CE
Nathan Azevedo,285.***.***-82,0.0,,Endereço Inválido,AM
Camila Teixeira,982.***.***-40,0.0,,Endereço Inválido,RJ
Srta. Clara Souza,510.***.***-71,0.0,,Endereço Inválido,SE
Yuri Nascimento,129.***.***-73,0.0,,Endereço Inválido,AC
Srta. Marcela Gonçalves,148.***.***-87,0.0,,Endereço Inválido,CE
João Ramos,936.***.***-87,0.0,,Endereço Inválido,PR
Renan Rocha,720.***.***-92,0.0,,"vale oliveira, 22
nova suíça
87931-582 sales / rs",RS
Sr. Caio Souza,453.***.***-33,0.0,,Endereço Inválido,MG
Clarice Farias,743.***.***-22,0.0,,Endereço Inválido,PI
Marcos Vinicius Jesus,597.***.***-00,0.0,,Endereço Inválido,PA
João Pedro Nunes,910.***.***-42,0.0,,Endereço Inválido,PA
Levi Farias,659.***.***-52,0.0,,Endereço Inválido,GO
Dr. Enzo Da Costa,791.***.***-75,0.0,,Endereço Inválido,AM
Heloísa Alves,029.***.***-79,0.0,,Endereço Inválido,PR
Luiz Henrique Da Mota,842.***.***-91,0.0,,Endereço Inválido,RR
Camila Caldeira,903.***.***-03,0.0,,"lago jesus, 71
frei leopoldo
96443895 duarte / ma",MA
Arthur Mendes,918.***.***-05,0.0,,Endereço Inválido,SP
João Felipe Campos,362.***.***-06,0.0,,Endereço Inválido,MS
Guilherme Azevedo,174.***.***-16,0.0,,Endereço Inválido,CE
Dra. Laura Cunha,364.***.***-50,0.0,,Endereço Inválido,BA
Noah Moraes,108.***.***-12,0.0,,Endereço Inválido,MG
Davi Lucca Lopes,260.***.***-90,0.0,,Endereço Inválido,AP
Sophia Da Cruz,621.***.***-15,0.0,,Endereço Inválido,PR
Igor Da Luz,740.***.***-85,0.0,,Endereço Inválido,AC
Dr. Samuel Nascimento,692.***.***-73,0.0,,Endereço Inválido,RO
Maria Fernanda Freitas,968.***.***-28,0.0,,Endereço Inválido,DF
Eduarda Costa,206.***.***-68,0.0,,Endereço Inválido,RS
Lorenzo Monteiro,069.***.***-20,0.0,,Endereço Inválido,AP
Caroline Cardoso,618.***.***-17,0.0,,Endereço Inválido,DF
Henrique Da Rocha,329.***.***-99,0.0,,Endereço Inválido,SE
Lucas Gabriel Oliveira,743.***.***-38,0.0,,Endereço Inválido,SE
Sr. Arthur Jesus,418.***.***-93,0.0,,Endereço Inválido,MG
Marcos Vinicius Da Cunha,572.***.***-43,0.0,,Endereço Inválido,PA
Antônio Nogueira,061.***.***-71,0.0,,Endereço Inválido,MT
Sophia Monteiro,601.***.***-15,0.0,,"núcleo araújo, 155
lindéia
82317-263 campos / pa",PA
Dr. Leandro Silva,497.***.***-85,0.0,,Endereço Inválido,AM
Amanda Farias,185.***.***-08,0.0,,Endereço Inválido,RJ
Srta. Luna Peixoto,912.***.***-23,0.0,,Endereço Inválido,CE
Sr. Igor Campos,183.***.***-62,0.0,,Endereço Inválido,AP
Maria Sophia Correia,948.***.***-75,0.0,,Endereço Inválido,TO
Bruno Da Cruz,293.***.***-73,0.0,,Endereço Inválido,ES
Amanda Cavalcanti,351.***.***-00,0.0,,Endereço Inválido,AC
Bruno Melo,721.***.***-52,0.0,,Endereço Inválido,AC
Dra. Elisa Nunes,875.***.***-05,0.0,,Endereço Inválido,AP
Calebe Ramos,942.***.***-40,0.0,,Endereço Inválido,TO
Sr. Arthur Moraes,306.***.***-87,0.0,,Endereço Inválido,RJ
Júlia Silveira,913.***.***-57,0.0,,Endereço Inválido,SC
Sra. Isabelly Silva,732.***.***-00,0.0,,Endereço Inválido,DF
Dr. Otávio Azevedo,457.***.***-30,0.0,,Endereço Inválido,CE
Maria Cecília Aragão,264.***.***-49,0.0,,Endereço Inválido,GO
Noah Da Rosa,742.***.***-22,0.0,,Endereço Inválido,DF
Sra. Laura Azevedo,540.***.***-71,0.0,,Endereço Inválido,SP
Dr. Francisco Moreira,702.***.***-08,0.0,,Endereço Inválido,CE
Mariane Das Neves,912.***.***-05,0.0,,Endereço Inválido,SC
Enzo Monteiro,309.***.***-56,0.0,,Endereço Inválido,MG
Diego Da Rocha,093.***.***-83,0.0,,Endereço Inválido,MS
Ana Laura Da Cruz,798.***.***-49,0.0,,Endereço Inválido,RO
Ana Sophia Gomes,384.***.***-46,0.0,,"lagoa porto, 44
unidas
73111211 alves / go",GO
Ana Laura Costa,502.***.***-85,0.0,,Endereço Inválido,SP
Felipe Souza,187.***.***-84,0.0,,"setor peixoto, 47
palmeiras
57575529 da cruz / se",SE
Luana Novaes,287.***.***-87,0.0,,Endereço Inválido,RS
Sra. Yasmin Nogueira,360.***.***-15,0.0,,Endereço Inválido,PE
Benício Melo,904.***.***-67,0.0,,Endereço Inválido,DF
Daniela Aragão,726.***.***-53,0.0,,Endereço Inválido,RR
Davi Luiz Sales,740.***.***-13,0.0,,Endereço Inválido,RS
Milena Souza,904.***.***-70,0.0,,Endereço Inválido,SP
Maria Eduarda Ferreira,438.***.***-60,0.0,,Endereço Inválido,AP
Sr. Diogo Lima,302.***.***-00,0.0,,Endereço Inválido,BA
Dr. Carlos Eduardo Araújo,496.***.***-47,0.0,,Endereço Inválido,RR
Marina Gomes,934.***.***-00,0.0,,"lagoa souza
copacabana
16768543 monteiro / es",ES
Gustavo Henrique Duarte,254.***.***-60,0.0,,Endereço Inválido,TO
Caio Ramos,832.***.***-73,0.0,,Endereço Inválido,AL
Rafael Nunes,462.***.***-19,0.0,,Endereço Inválido,TO
Enzo Gabriel Cardoso,726.***.***-67,0.0,,Endereço Inválido,PE
Davi Cardoso,065.***.***-90,0.0,,Endereço Inválido,PA
Daniel Pires,274.***.***-47,0.0,,Endereço Inválido,ES
Brenda Da Mata,532.***.***-19,0.0,,"pátio rocha, 75
havaí
43098627 da cunha / ac",AC
Samuel Dias,852.***.***-24,0.0,,Endereço Inválido,CE
Gustavo Henrique Da Costa,917.***.***-50,0.0,,Endereço Inválido,RO
Theo Fogaça,091.***.***-05,0.0,,Endereço Inválido,MT
Sra. Alexia Carvalho,483.***.***-71,0.0,,Endereço Inválido,AC
Juliana Martins,432.***.***-56,0.0,,Endereço Inválido,RR
Luiz Gustavo Da Rosa,280.***.***-97,0.0,,Endereço Inválido,AL
Gabriela Freitas,367.***.***-26,0.0,,Endereço Inválido,BA
Enzo Gabriel Vieira,812.***.***-76,0.0,,"travessa novaes
boa vista
29032951 aragão / to",TO
Srta. Luna Nascimento,815.***.***-60,0.0,,Endereço Inválido,AL
Sophie Da Mata,971.***.***-97,0.0,,Endereço Inválido,AL
Clarice Alves,973.***.***-65,0.0,,Endereço Inválido,AC
Catarina Rodrigues,138.***.***-84,0.0,,Endereço Inválido,RR
Antônio Vieira,017.***.***-53,0.0,,Endereço Inválido,PR
Dr. Nicolas Da Conceição,105.***.***-80,0.0,,Endereço Inválido,BA
Maria Alice Da Costa,290.***.***-92,0.0,,Endereço Inválido,MA
Sr. Lucca Martins,906.***.***-70,0.0,,Endereço Inválido,TO
João Pedro Costa,532.***.***-41,0.0,,Endereço Inválido,RN
Maitê Gonçalves,034.***.***-20,0.0,,Endereço Inválido,PR
Ana Laura Ferreira,326.***.***-74,0.0,,Endereço Inválido,RO
Sabrina Da Mata,172.***.***-02,0.0,,Endereço Inválido,MS
Alexandre Das Neves,183.***.***-24,0.0,,Endereço Inválido,ES
Isadora Da Cunha,471.***.***-31,0.0,,Endereço Inválido,PE
Dr. Luigi Fernandes,834.***.***-55,0.0,,Endereço Inválido,MT
Sr. Yago Cavalcanti,758.***.***-05,0.0,,Endereço Inválido,AM
Carolina Peixoto,396.***.***-96,0.0,,Endereço Inválido,RN
Ana Lívia Porto,067.***.***-44,0.0,,"colônia vieira, 6
milionario
96648865 moraes / se",SE
Henrique Da Mata,896.***.***-74,0.0,,Endereço Inválido,PR
Enrico Aragão,490.***.***-75,0.0,,Endereço Inválido,AP
Milena Cavalcanti,523.***.***-70,0.0,,Endereço Inválido,PR
Davi Lucca Melo,731.***.***-14,0.0,,Endereço Inválido,SP
Clarice Fernandes,192.***.***-73,0.0,,Endereço Inválido,SP
Dr. Luiz Fernando Das Neves,146.***.***-37,0.0,,Endereço Inválido,RO
Caio Azevedo,428.***.***-82,0.0,,Endereço Inválido,AL
Enrico Novaes,457.***.***-38,0.0,,Endereço Inválido,RN
Ana Clara Moreira,075.***.***-53,0.0,,Endereço Inválido,SC
Enrico Ribeiro,965.***.***-66,0.0,,Endereço Inválido,CE
Evelyn Aragão,548.***.***-07,0.0,,Endereço Inválido,GO
Thales Moreira,406.***.***-07,0.0,,Endereço Inválido,RO
Heitor Mendes,097.***.***-61,0.0,,Endereço Inválido,AL
Sarah Nascimento,938.***.***-10,0.0,,Endereço Inválido,CE
Sra. Yasmin Melo,510.***.***-49,0.0,,Endereço Inválido,TO
Sr. Marcelo Costela,895.***.***-38,0.0,,Endereço Inválido,BA
Maria Cecília Araújo,752.***.***-52,0.0,,Endereço Inválido,PA
Enzo Gabriel Ribeiro,965.***.***-02,0.0,,"recanto nunes, 87
vila união
40623-455 moura / ap",AP
Miguel Da Rosa,168.***.***-03,0.0,,Endereço Inválido,CE
Maria Vitória Ferreira,914.***.***-69,0.0,,"lago lima, 6
providencia
64509-958 porto / sp",SP
Sr. Vitor Gabriel Gomes,348.***.***-60,0.0,,Endereço Inválido,MT
Bianca Pinto,541.***.***-06,0.0,,Endereço Inválido,AL
Igor Melo,519.***.***-39,0.0,,Endereço Inválido,RO
Sra. Vitória Carvalho,528.***.***-38,0.0,,Endereço Inválido,AM
Sofia Duarte,412.***.***-28,0.0,,Endereço Inválido,RR
Brenda Nogueira,160.***.***-33,0.0,,Endereço Inválido,TO
Rafael Fogaça,569.***.***-68,0.0,,Endereço Inválido,SP
Ana Nascimento,295.***.***-61,0.0,,Endereço Inválido,RN
Dr. Juan Da Rocha,475.***.***-80,0.0,,Endereço Inválido,MT
Ana Laura Rocha,531.***.***-70,0.0,,Endereço Inválido,AL
Maria Alice Da Rocha,906.***.***-22,0.0,,Endereço Inválido,AC
Elisa Lopes,790.***.***-30,0.0,,Endereço Inválido,RR
Davi Lucca Pereira,597.***.***-60,0.0,,Endereço Inválido,CE
Marina Fogaça,410.***.***-20,0.0,,Endereço Inválido,PE
Bernardo Ramos,105.***.***-98,0.0,,Endereço Inválido,SE
Ana Lívia Lopes,971.***.***-02,0.0,,"parque de barbosa, 57
anchieta
16750-400 lima / go",GO
Miguel Silva,920.***.***-00,0.0,,Endereço Inválido,PE
Sr. Arthur Da Cruz,693.***.***-38,0.0,,Endereço Inválido,TO
Julia Da Mota,571.***.***-20,0.0,,Endereço Inválido,TO
Agatha Rocha,853.***.***-30,0.0,,Endereço Inválido,RS
Isabel Cardoso,608.***.***-40,0.0,,Endereço Inválido,MG
Marcos Vinicius Moura,451.***.***-19,0.0,,"parque dias, 687
paulo vi
49685-024 mendes / pr",PR
Levi Da Cunha,718.***.***-75,0.0,,Endereço Inválido,SE
Cauã Vieira,427.***.***-61,0.0,,"via da mata
bernadete
38006-140 campos / ro",RO
Maria Alice Ferreira,105.***.***-80,0.0,,Endereço Inválido,MT
Dra. Isabelly Souza,725.***.***-30,0.0,,Endereço Inválido,RN
Heitor Rezende,174.***.***-39,0.0,,Endereço Inválido,RR
Maria Vitória Jesus,493.***.***-70,0.0,,Endereço Inválido,RS
Emanuel Duarte,762.***.***-76,0.0,,Endereço Inválido,AM
Ian Lima,163.***.***-66,0.0,,"rua de martins, 9
união
15652-188 castro / ac",AC
Vitor Alves,687.***.***-22,0.0,,Endereço Inválido,DF
Rafael Ramos,946.***.***-84,0.0,,Endereço Inválido,PR
Ryan Da Cunha,412.***.***-52,0.0,,Endereço Inválido,GO
Maria Da Cunha,539.***.***-06,0.0,,Endereço Inválido,PE
Srta. Milena Cardoso,832.***.***-40,0.0,,Endereço Inválido,RJ
Bryan Ramos,043.***.***-89,0.0,,"praia costa, 35
jardim leblon
29456317 lopes / go",GO
Luigi Santos,273.***.***-52,0.0,,Endereço Inválido,AP
Isabella Duarte,023.***.***-17,0.0,,Endereço Inválido,PI
Sophie Azevedo,214.***.***-49,0.0,,Endereço Inválido,RR
Matheus Carvalho,592.***.***-09,0.0,,"viela de almeida
união
65843844 barbosa / rn",RN
Júlia Da Cruz,714.***.***-39,0.0,,Endereço Inválido,PB
Vitor Peixoto,489.***.***-06,0.0,,Endereço Inválido,RS
Amanda Castro,305.***.***-41,0.0,,Endereço Inválido,AM
Lucas Lima,240.***.***-01,0.0,,Endereço Inválido,BA
Raquel Ramos,052.***.***-25,0.0,,Endereço Inválido,RN
Dra. Rebeca Nascimento,431.***.***-37,0.0,,Endereço Inválido,PB
Theo Da Conceição,846.***.***-46,0.0,,Endereço Inválido,SE
Thiago Da Cunha,631.***.***-24,0.0,,Endereço Inválido,RJ
Davi Lucas Moreira,169.***.***-02,0.0,,Endereço Inválido,PA
Helena Costela,950.***.***-68,0.0,,Endereço Inválido,AC
Beatriz Peixoto,243.***.***-96,0.0,,Endereço Inválido,PE
Luigi Fernandes,846.***.***-20,0.0,,"estação igor cunha, 21
pilar
56540380 peixoto / pb",PB
Gabrielly Almeida,831.***.***-14,0.0,,Endereço Inválido,MS
Samuel Sales,439.***.***-55,0.0,,Endereço Inválido,MG
Dr. Otávio Costa,095.***.***-59,0.0,,Endereço Inválido,BA
Srta. Ana Beatriz Da Mata,429.***.***-67,0.0,,Endereço Inválido,PA
João Rodrigues,594.***.***-76,0.0,,Endereço Inválido,PE
Nathan Farias,521.***.***-32,0.0,,Endereço Inválido,AL
Dr. Rafael Pereira,581.***.***-55,0.0,,Endereço Inválido,AC
Júlia Pereira,871.***.***-12,0.0,,"lagoa santos
petropolis
36901-640 da cunha / mt",MT
Dra. Laura Barbosa,031.***.***-04,0.0,,Endereço Inválido,RR
Juliana Pinto,385.***.***-93,0.0,,Endereço Inválido,PI
Joana Monteiro,138.***.***-39,0.0,,Endereço Inválido,TO
Dr. Yago Da Rocha,698.***.***-28,0.0,,Endereço Inválido,MT
Miguel Nogueira,869.***.***-22,0.0,,Endereço Inválido,PI
Isadora Da Rocha,725.***.***-70,0.0,,Endereço Inválido,ES
Clara Costela,380.***.***-50,0.0,,Endereço Inválido,DF
Dr. Enzo Gabriel Rocha,473.***.***-61,0.0,,Endereço Inválido,PA
Maysa Monteiro,615.***.***-44,0.0,,Endereço Inválido,RR
Maria Alice Da Rosa,710.***.***-66,0.0,,Endereço Inválido,RR
Maysa Lopes,196.***.***-76,0.0,,Endereço Inválido,RS
Srta. Yasmin Jesus,586.***.***-44,0.0,,Endereço Inválido,AM
Mariana Costela,372.***.***-00,0.0,,Endereço Inválido,SC
Clara Almeida,842.***.***-92,0.0,,Endereço Inválido,RS
Sofia Aragão,687.***.***-08,0.0,,Endereço Inválido,RS
Elisa Barros,546.***.***-20,0.0,,Endereço Inválido,RN
Joana Silva,349.***.***-57,0.0,,Endereço Inválido,PE
Lorenzo Porto,812.***.***-13,0.0,,Endereço Inválido,GO
Vitória Barbosa,583.***.***-77,0.0,,Endereço Inválido,ES
Alícia Da Rosa,035.***.***-51,0.0,,Endereço Inválido,MG
Lucas Monteiro,739.***.***-75,0.0,,Endereço Inválido,AC
Rodrigo Caldeira,816.***.***-37,0.0,,Endereço Inválido,MT
Luna Rezende,456.***.***-57,0.0,,Endereço Inválido,RN
Diogo Rezende,680.***.***-24,0.0,,Endereço Inválido,PI
Anthony Da Costa,805.***.***-21,0.0,,Endereço Inválido,RO
Maria Cecília Vieira,716.***.***-55,0.0,,Endereço Inválido,PE
Sra. Maria Julia Novaes,019.***.***-01,0.0,,Endereço Inválido,BA
João Pedro Peixoto,243.***.***-55,0.0,,Endereço Inválido,PR
Alana Fernandes,198.***.***-09,0.0,,Endereço Inválido,SC
Sra. Mirella Rezende,247.***.***-50,0.0,,Endereço Inválido,ES
Gabrielly Moreira,608.***.***-62,0.0,,Endereço Inválido,AM
Sra. Sofia Souza,605.***.***-48,0.0,,"vila gomes, 366
serra
76107-117 da costa / pb",PB
Mariane Melo,735.***.***-77,0.0,,Endereço Inválido,PR
Lorena Souza,048.***.***-49,0.0,,"vereda sales, 83
ouro minas
23049-591 da mata / al",AL
Fernando Da Mata,280.***.***-08,0.0,,Endereço Inválido,PB
Laura Cardoso,821.***.***-17,0.0,,Endereço Inválido,ES
Marina Da Cruz,724.***.***-26,0.0,,Endereço Inválido,PE
Maria Rocha,163.***.***-03,0.0,,Endereço Inválido,RS
Pedro Henrique Almeida,318.***.***-57,0.0,,Endereço Inválido,AM
Dr. Davi Luiz Nunes,604.***.***-16,0.0,,Endereço Inválido,SP
Vitor Gabriel Costela,175.***.***-43,0.0,,Endereço Inválido,GO
Dr. Luigi Barbosa,641.***.***-39,0.0,,Endereço Inválido,PE
Rodrigo Azevedo,687.***.***-75,0.0,,Endereço Inválido,ES
Pedro Henrique Cardoso,324.***.***-04,0.0,,Endereço Inválido,PA
Sr. João Cardoso,032.***.***-74,0.0,,Endereço Inválido,PR
Maria Julia Nunes,381.***.***-35,0.0,,"setor de ferreira
lorena
53700673 da luz / rn",RN
Fernanda Duarte,453.***.***-15,0.0,,Endereço Inválido,MA
Marcos Vinicius Oliveira,280.***.***-95,0.0,,Endereço Inválido,AL
Leandro Aragão,124.***.***-32,0.0,,Endereço Inválido,AC
Maria Alice Vieira,832.***.***-44,0.0,,"via nogueira, 82
andiroba
03233-852 moraes / se",SE
Ana Luiza Jesus,541.***.***-91,0.0,,Endereco Inválido,desconhecido
Guilherme Cardoso,197.***.***-21,0.0,,Endereço Inválido,RS
Luiz Felipe Azevedo,439.***.***-52,0.0,,Endereço Inválido,AC
Nathan Araújo,813.***.***-89,0.0,,Endereço Inválido,AM
Clara Ferreira,467.***.***-28,0.0,,Endereço Inválido,MS
Felipe Da Mata,634.***.***-69,0.0,,Endereço Inválido,PA
Enzo Gabriel Azevedo,789.***.***-48,0.0,,Endereço Inválido,SC
Maitê Barbosa,231.***.***-07,0.0,,Endereço Inválido,MS
Srta. Isis Da Cruz,073.***.***-78,0.0,,Endereço Inválido,TO
Otávio Da Mata,835.***.***-29,0.0,,Endereço Inválido,TO
Sophie Castro,165.***.***-09,0.0,,Endereço Inválido,TO
Diogo Da Cunha,263.***.***-60,0.0,,Endereço Inválido,RJ
Benício Fernandes,389.***.***-77,0.0,,Endereço Inválido,ES
João Pedro Silva,523.***.***-06,0.0,,Endereço Inválido,MG
Heloísa Cunha,260.***.***-83,0.0,,Endereço Inválido,PI
Bruno Novaes,190.***.***-93,0.0,,"alameda de da mata, 18
barroca
13387129 gomes / ms",MS
Levi Cavalcanti,291.***.***-55,0.0,,"aeroporto aragão, 8
guarani
57857653 rocha / df",DF
João Pedro Lopes,407.***.***-96,0.0,,Endereço Inválido,PB
Heloísa Da Luz,569.***.***-57,0.0,,Endereço Inválido,SP
Lorena Gomes,298.***.***-65,0.0,,Endereço Inválido,AP
Milena Vieira,623.***.***-51,0.0,,Endereço Inválido,PB
Milena Ramos,160.***.***-34,0.0,,Endereço Inválido,PB
Vitor Hugo Ramos,286.***.***-78,0.0,,Endereço Inválido,MA
Ana Julia Nascimento,197.***.***-31,0.0,,Endereço Inválido,SE
Dr. Enrico Carvalho,254.***.***-00,0.0,,Endereço Inválido,MT
Vitor Hugo Cunha,701.***.***-39,0.0,,Endereço Inválido,PA
Dr. Samuel Moura,402.***.***-05,0.0,,Endereço Inválido,MT
Luana Nascimento,314.***.***-50,0.0,,Endereço Inválido,CE
Dra. Maria Vitória Viana,250.***.***-00,0.0,,Endereço Inválido,PR
Sr. Calebe Duarte,936.***.***-04,0.0,,Endereço Inválido,AM
Leonardo Costela,624.***.***-29,0.0,,Endereço Inválido,MG
Benício Moreira,136.***.***-24,0.0,,Endereço Inválido,MA
Lucca Mendes,819.***.***-76,0.0,,Endereço Inválido,MG
Sophie Farias,741.***.***-00,0.0,,Endereço Inválido,AM
Bruna Da Rocha,845.***.***-19,0.0,,Endereço Inválido,TO
Heitor Nascimento,493.***.***-84,0.0,,Endereço Inválido,MT
Rafael Porto,629.***.***-30,0.0,,Endereço Inválido,MG
Luiz Miguel Da Paz,647.***.***-80,0.0,,Endereço Inválido,MG
Srta. Pietra Duarte,913.***.***-04,0.0,,Endereço Inválido,PR
Eloah Cunha,908.***.***-60,0.0,,Endereço Inválido,PI
Bruna Rodrigues,625.***.***-67,0.0,,Endereço Inválido,GO
Felipe Monteiro,172.***.***-68,0.0,,Endereço Inválido,CE
Isis Campos,178.***.***-41,0.0,,"estrada pereira
vila batik
49494827 fernandes / pe",PE
Vitor Novaes,586.***.***-08,0.0,,Endereço Inválido,PI
Yago Porto,907.***.***-01,0.0,,Endereço Inválido,CE
Guilherme Campos,354.***.***-79,0.0,,Endereço Inválido,BA
Vitor Moraes,297.***.***-99,0.0,,Endereço Inválido,TO
João Gabriel Jesus,790.***.***-01,0.0,,Endereço Inválido,ES
Dr. Vitor Hugo Rezende,796.***.***-58,0.0,,Endereço Inválido,AP
Dr. Arthur Carvalho,081.***.***-97,0.0,,Endereço Inválido,RR
Ryan Mendes,239.***.***-55,0.0,,Endereço Inválido,MG
Ana Laura Silva,485.***.***-47,0.0,,Endereço Inválido,AM
Lorenzo Novaes,370.***.***-05,0.0,,Endereço Inválido,AL
Cauê Cardoso,019.***.***-60,0.0,,Endereço Inválido,AL
Dra. Ana Luiza Silveira,324.***.***-40,0.0,,Endereço Inválido,MT
Lavínia Azevedo,318.***.***-03,0.0,,Endereço Inválido,BA
Letícia Jesus,451.***.***-19,0.0,,Endereço Inválido,TO
Bruna Ribeiro,352.***.***-10,0.0,,Endereço Inválido,AP
Theo Da Mata,758.***.***-44,0.0,,Endereço Inválido,AL
João Gabriel Porto,956.***.***-91,0.0,,Endereço Inválido,GO
Maria Julia Freitas,178.***.***-53,0.0,,Endereço Inválido,RS
Dr. Otávio Barros,683.***.***-21,0.0,,Endereço Inválido,RR
Yasmin Gomes,827.***.***-35,0.0,,Endereço Inválido,MA
Sofia Novaes,576.***.***-83,0.0,,Endereço Inválido,MT
Ian Da Luz,152.***.***-77,0.0,,Endereço Inválido,PB
Davi Luiz Souza,857.***.***-53,0.0,,"favela peixoto, 76
mangueiras
26284015 dias / pe",PE
Cecília Araújo,032.***.***-26,0.0,,Endereço Inválido,MT
Luiz Gustavo Duarte,381.***.***-44,0.0,,Endereço Inválido,DF
Ana Julia Cardoso,704.***.***-88,0.0,,Endereço Inválido,MG
Gabrielly Lima,560.***.***-30,0.0,,Endereço Inválido,RN
Heloísa Ribeiro,437.***.***-37,0.0,,Endereço Inválido,RJ
Letícia Costa,530.***.***-70,0.0,,Endereço Inválido,RN
Ana Beatriz Da Rocha,438.***.***-04,0.0,,Endereço Inválido,GO
Benjamin Moura,975.***.***-97,0.0,,Endereço Inválido,AL
Ana Julia Fogaça,103.***.***-70,0.0,,Endereço Inválido,RR
Clara Da Mata,354.***.***-00,0.0,,Endereço Inválido,MT
Fernanda Oliveira,102.***.***-14,0.0,,Endereço Inválido,RN
Laura Das Neves,723.***.***-29,0.0,,Endereço Inválido,GO
Lívia Teixeira,694.***.***-29,0.0,,Endereço Inválido,AL
Eloah Moreira,904.***.***-00,0.0,,Endereço Inválido,CE
Lívia Cardoso,619.***.***-61,0.0,,"campo de da paz
nova vista
48502-316 costela / pe",PE
Augusto Freitas,930.***.***-01,0.0,,Endereço Inválido,AL
Raquel Fernandes,467.***.***-94,0.0,,Endereço Inválido,AM
Sr. Anthony Da Costa,614.***.***-07,0.0,,Endereço Inválido,PI
Murilo Melo,431.***.***-80,0.0,,"trecho pires, 10
nazare
61544643 fogaça / ms",MS
Srta. Mirella Barbosa,430.***.***-75,0.0,,Endereço Inválido,SE
Gabriela Das Neves,437.***.***-65,0.0,,Endereço Inválido,AL
Bruno Da Cunha,259.***.***-24,0.0,,Endereço Inválido,MA
Alexandre Rodrigues,740.***.***-85,0.0,,"vale rezende, 20
juliana
20752-947 sales / al",AL
Natália Rezende,784.***.***-11,0.0,,Endereço Inválido,MG
Emilly Caldeira,732.***.***-07,0.0,,Endereço Inválido,MA
Levi Azevedo,639.***.***-91,0.0,,Endereço Inválido,PI
Nicole Da Rocha,567.***.***-90,0.0,,Endereço Inválido,CE
Joana Moreira,435.***.***-51,0.0,,Endereço Inválido,DF
Maria Eduarda Almeida,573.***.***-56,0.0,,Endereço Inválido,PB
Marcela Da Cruz,876.***.***-78,0.0,,Endereço Inválido,CE
Helena Nunes,843.***.***-42,0.0,,Endereço Inválido,SC
Isaac Oliveira,209.***.***-01,0.0,,Endereço Inválido,MT
Manuela Pinto,094.***.***-20,0.0,,Endereço Inválido,AM
Bryan Ramos,681.***.***-94,0.0,,Endereço Inválido,MS
Sr. Enzo Gabriel Fernandes,769.***.***-21,0.0,,Endereço Inválido,RR
Brenda Ramos,269.***.***-83,0.0,,Endereço Inválido,PI
Yuri Rezende,564.***.***-89,0.0,,Endereço Inválido,AC
Luiz Miguel Da Costa,630.***.***-34,0.0,,Endereço Inválido,PR
Enzo Nogueira,187.***.***-69,0.0,,Endereço Inválido,PB
Davi Lucca Azevedo,035.***.***-10,0.0,,Endereço Inválido,PA
Luiz Otávio Fernandes,716.***.***-85,0.0,,Endereço Inválido,PE
Thomas Correia,083.***.***-66,0.0,,Endereço Inválido,AC
Davi Lucca Teixeira,647.***.***-26,0.0,,Endereço Inválido,GO
Luiz Gustavo Ribeiro,149.***.***-78,0.0,,Endereço Inválido,PA
Pietra Da Mata,427.***.***-08,0.0,,Endereço Inválido,AP
Joaquim Azevedo,016.***.***-16,0.0,,"núcleo viana
conjunto jatoba
11680837 moraes / rn",RN
Sra. Agatha Melo,506.***.***-60,0.0,,Endereço Inválido,RN
Maria Julia Lopes,613.***.***-68,0.0,,Endereço Inválido,GO
Dr. Marcelo Cardoso,862.***.***-07,0.0,,Endereço Inválido,RN
Catarina Moreira,207.***.***-11,0.0,,Endereço Inválido,RO
Heitor Vieira,089.***.***-92,0.0,,"morro aragão, 796
estrela
42612-351 lima / mt",MT
Luiz Fernando Da Luz,071.***.***-01,0.0,,Endereço Inválido,RR
Sabrina Silva,216.***.***-69,0.0,,Endereço Inválido,AL
Luiz Henrique Martins,648.***.***-82,0.0,,Endereço Inválido,RJ
Catarina Carvalho,196.***.***-10,0.0,,Endereço Inválido,AL
Ana Vitória Azevedo,529.***.***-01,0.0,,Endereço Inválido,AP
Thales Campos,412.***.***-89,0.0,,Endereço Inválido,SP
Thales Oliveira,369.***.***-50,0.0,,Endereço Inválido,AM
Fernanda Cavalcanti,912.***.***-51,0.0,,Endereço Inválido,AP
Dr. João Gabriel Da Conceição,831.***.***-00,0.0,,Endereço Inválido,RR
Noah Barros,310.***.***-86,0.0,,Endereço Inválido,MS
Dr. Felipe Novaes,685.***.***-59,0.0,,Endereço Inválido,RJ
Luiz Fernando Aragão,120.***.***-01,0.0,,Endereço Inválido,SE
Ana Júlia Cardoso,812.***.***-76,0.0,,"vila silveira, 86
gameleira
42269180 barros / pb",PB
Marina Ramos,068.***.***-10,0.0,,Endereço Inválido,MT
Dra. Joana Lopes,619.***.***-11,0.0,,Endereço Inválido,SP
Isabel Duarte,146.***.***-87,0.0,,Endereço Inválido,MT
Paulo Jesus,078.***.***-92,0.0,,Endereço Inválido,PR
Laura Costa,540.***.***-25,0.0,,Endereço Inválido,AP
Sra. Milena Pinto,280.***.***-24,0.0,,Endereço Inválido,RO
Danilo Ribeiro,109.***.***-80,0.0,,Endereço Inválido,TO
Lívia Nunes,742.***.***-23,0.0,,Endereço Inválido,PI
Alícia Rodrigues,349.***.***-16,0.0,,Endereço Inválido,RS
Agatha Rezende,057.***.***-79,0.0,,Endereço Inválido,RR
Juliana Santos,605.***.***-59,0.0,,Endereço Inválido,MS
Maria Fernanda Da Conceição,408.***.***-50,0.0,,Endereço Inválido,RJ
Daniela Barbosa,861.***.***-64,0.0,,Endereço Inválido,DF
Arthur Pinto,562.***.***-25,0.0,,Endereço Inválido,SP
Emanuel Aragão,910.***.***-57,0.0,,Endereço Inválido,SC
Dra. Alice Vieira,936.***.***-00,0.0,,Endereço Inválido,MA
Maria Cecília Moreira,805.***.***-71,0.0,,Endereço Inválido,DF
,532.***.***-41,0.0,,Endereço Inválido,PE
Maria Vitória Campos,380.***.***-57,0.0,,Endereço Inválido,MA
Isabel Da Conceição,819.***.***-93,0.0,,Endereço Inválido,CE
,013.***.***-69,0.0,,Endereço Inválido,AL
Dr. Thomas Nunes,967.***.***-46,0.0,,Endereço Inválido,SE
Lucca Moura,718.***.***-35,0.0,,Endereço Inválido,SE
Diogo Souza,169.***.***-95,0.0,,Endereço Inválido,AP
Juliana Costa,980.***.***-39,0.0,,Endereço Inválido,AL
Eduarda Da Costa,739.***.***-48,0.0,,Endereço Inválido,MT
Alana Freitas,427.***.***-73,0.0,,Endereço Inválido,BA
Murilo Ramos,374.***.***-00,0.0,,Endereço Inválido,DF
Cecília Souza,294.***.***-30,0.0,,Endereço Inválido,BA
Raul Martins,187.***.***-26,0.0,,Endereço Inválido,RR
Renan Cavalcanti,072.***.***-77,0.0,,Endereço Inválido,CE
Sr. Diego Pires,842.***.***-41,0.0,,Endereço Inválido,AC
Sofia Da Rocha,719.***.***-03,0.0,,Endereço Inválido,CE
Lorenzo Dias,271.***.***-04,0.0,,Endereço Inválido,SC
Sr. Vitor Souza,426.***.***-83,0.0,,Endereço Inválido,MG
Vitor Gabriel Cardoso,354.***.***-50,0.0,,Endereço Inválido,GO
Pedro Rodrigues,790.***.***-20,0.0,,Endereço Inválido,PI
Eduarda Teixeira,745.***.***-17,0.0,,Endereço Inválido,MA
Daniel Oliveira,753.***.***-08,0.0,,Endereço Inválido,DF
Isadora Nogueira,129.***.***-05,0.0,,Endereço Inválido,PR
Sr. Fernando Moraes,768.***.***-95,0.0,,"área moreira, 8
grajaú
53772543 lima / pa",PA
Luiza Araújo,246.***.***-10,0.0,,"jardim de dias
mirtes
61141993 lima do galho / ce",CE
Maria Luiza Pires,620.***.***-67,0.0,,Endereço Inválido,SC
João Lucas Das Neves,974.***.***-49,0.0,,Endereço Inválido,SP
Vitor Gabriel Carvalho,387.***.***-92,0.0,,Endereço Inválido,PR
Henrique Sales,196.***.***-39,0.0,,Endereço Inválido,BA
Henrique Ferreira,360.***.***-07,0.0,,"lago de lopes, 6
floramar
54884-139 barbosa / go",GO
Dra. Raquel Da Mota,263.***.***-78,0.0,,Endereço Inválido,TO
Levi Melo,513.***.***-09,0.0,,Endereço Inválido,MS
Ana Luiza Gomes,287.***.***-12,0.0,,Endereço Inválido,PA
Isaac Fernandes,572.***.***-07,0.0,,Endereço Inválido,PI
Leandro Fernandes,018.***.***-15,0.0,,Endereço Inválido,BA
Dr. Breno Sales,135.***.***-42,0.0,,Endereço Inválido,AL
Rafael Araújo,481.***.***-17,0.0,,Endereço Inválido,CE
Eduardo Da Costa,043.***.***-31,0.0,,Endereço Inválido,PA
Dra. Larissa Fernandes,562.***.***-00,0.0,,Endereço Inválido,ES
Milena Da Rocha,864.***.***-49,0.0,,Endereço Inválido,MS
Eduarda Aragão,362.***.***-90,0.0,,Endereço Inválido,TO
Sr. Ian Barbosa,149.***.***-70,0.0,,Endereço Inválido,PB
Ian Cardoso,731.***.***-78,0.0,,Endereço Inválido,AP
Vitor Gabriel Ferreira,916.***.***-01,0.0,,Endereço Inválido,SE
Rodrigo Melo,982.***.***-89,0.0,,Endereço Inválido,AC
Anthony Rezende,831.***.***-66,0.0,,"via de viana, 68
beija flor
12487-147 barros / sc",SC
Sra. Bianca Farias,783.***.***-26,0.0,,"viela campos, 2
anchieta
65687060 gonçalves / mg",MG
João Carvalho,298.***.***-50,0.0,,"vereda de aragão, 15
horto
91408-129 novaes / rr",RR
Benício Da Costa,783.***.***-07,0.0,,"vereda de souza, 13
europa
86657-778 pires / pr",PR
Yuri Alves,896.***.***-03,0.0,,Endereço Inválido,SE
Gabriela Da Rosa,210.***.***-31,0.0,,Endereço Inválido,AL
Eduarda Da Conceição,238.***.***-00,0.0,,Endereço Inválido,ES
Vicente Aragão,875.***.***-88,0.0,,Endereço Inválido,AL
Srta. Sabrina Teixeira,682.***.***-89,0.0,,Endereço Inválido,AP
Antônio Santos,198.***.***-03,0.0,,"morro da rocha, 84
tirol
24197526 moura / mt",MT
Dr. Lucca Pinto,526.***.***-09,0.0,,Endereço Inválido,DF
Emilly Vieira,924.***.***-33,0.0,,Endereço Inválido,RS
Dr. Gabriel Da Mata,701.***.***-69,0.0,,Endereço Inválido,RS
Emanuella Azevedo,406.***.***-01,0.0,,"sítio moura, 50
ápia
72380-665 melo da prata / go",GO
Ana Julia Rocha,618.***.***-60,0.0,,Endereço Inválido,PI
Milena Castro,482.***.***-82,0.0,,Endereço Inválido,RJ
Lavínia Peixoto,204.***.***-50,0.0,,Endereço Inválido,RN
Enzo Gabriel Gomes,893.***.***-40,0.0,,Endereço Inválido,MG
Laura Fogaça,196.***.***-80,0.0,,Endereço Inválido,PA
Sr. Vitor Da Mata,062.***.***-78,0.0,,Endereco Inválido,desconhecido
Sophie Pinto,023.***.***-40,0.0,,Endereço Inválido,SC
Sr. Kaique Peixoto,726.***.***-47,0.0,,Endereço Inválido,ES
Luiz Henrique Mendes,248.***.***-76,0.0,,Endereço Inválido,RO
Sr. Felipe Barros,569.***.***-57,0.0,,Endereço Inválido,TO
Ana Beatriz Pereira,798.***.***-01,0.0,,"condomínio de santos
jaraguá
26568-369 da paz / mg",MG
Sr. Rafael Silva,238.***.***-15,0.0,,Endereço Inválido,PE
Dra. Olivia Mendes,189.***.***-05,0.0,,Endereço Inválido,RR
Eduardo Sales,052.***.***-74,0.0,,Endereço Inválido,DF
André Rodrigues,375.***.***-91,0.0,,Endereço Inválido,GO
Sophia Cavalcanti,092.***.***-56,0.0,,Endereço Inválido,PR
Carolina Sales,519.***.***-40,0.0,,Endereço Inválido,DF
Lucas Monteiro,654.***.***-37,0.0,,Endereço Inválido,PI
João Felipe Dias,850.***.***-42,0.0,,Endereço Inválido,SE
Dr. Ian Fogaça,248.***.***-32,0.0,,Endereço Inválido,RJ
Lorena Barros,785.***.***-10,0.0,,Endereço Inválido,MG
Sra. Ana Clara Teixeira,760.***.***-59,0.0,,Endereço Inválido,SE
Natália Monteiro,481.***.***-60,0.0,,Endereço Inválido,AM
Eduarda Duarte,893.***.***-30,0.0,,"quadra lopes, 69
vila da paz
26521494 cardoso / ce",CE
Larissa Carvalho,632.***.***-37,0.0,,Endereço Inválido,AL
Lara Moraes,549.***.***-09,0.0,,Endereço Inválido,PI
Sophie Da Rosa,254.***.***-50,0.0,,Endereço Inválido,AM
Olivia Martins,391.***.***-39,0.0,,Endereço Inválido,DF
Thomas Barros,105.***.***-12,0.0,,Endereço Inválido,AM
Davi Luiz Azevedo,478.***.***-31,0.0,,Endereço Inválido,PB
Danilo Santos,297.***.***-55,0.0,,Endereço Inválido,AC
Sr. Enzo Porto,496.***.***-67,0.0,,Endereço Inválido,MA
Bianca Alves,304.***.***-57,0.0,,Endereço Inválido,MS
Alexia Das Neves,267.***.***-00,0.0,,Endereço Inválido,SE
Esther Campos,523.***.***-53,0.0,,Endereço Inválido,PI
Ana Júlia Freitas,584.***.***-17,0.0,,Endereço Inválido,AC
Maria Vitória Da Mata,826.***.***-76,0.0,,Endereço Inválido,RO
Ryan Da Mata,172.***.***-80,0.0,,Endereço Inválido,GO
Emilly Ribeiro,584.***.***-05,0.0,,Endereço Inválido,PA
Bernardo Pinto,217.***.***-12,0.0,,Endereço Inválido,PA
Nicole Peixoto,829.***.***-89,0.0,,"distrito moraes
indaiá
48826-926 fernandes / ms",MS
Isaac Da Conceição,867.***.***-85,0.0,,Endereço Inválido,AM
Davi Lucca Santos,571.***.***-73,0.0,,Endereço Inválido,RJ
Paulo Lopes,186.***.***-11,0.0,,Endereço Inválido,MG
Sophie Vieira,938.***.***-83,0.0,,Endereço Inválido,MA
Rodrigo Da Cruz,648.***.***-11,0.0,,"favela costa, 372
serra
52549990 da mota / go",GO
Sr. Samuel Barbosa,903.***.***-23,0.0,,"distrito jesus, 34
vila rica
50869292 sales / rs",RS
Dr. Cauê Ramos,109.***.***-34,0.0,,Endereço Inválido,DF
Bruno Jesus,354.***.***-42,0.0,,Endereço Inválido,RN
Lívia Correia,843.***.***-65,0.0,,Endereço Inválido,MS
Enrico Da Rocha,241.***.***-05,0.0,,Endereço Inválido,PA
Rafaela Aragão,269.***.***-22,0.0,,Endereço Inválido,PB
Dr. Marcos Vinicius Farias,475.***.***-80,0.0,,Endereço Inválido,MA
Larissa Lopes,015.***.***-12,0.0,,"largo cavalcanti, 96
floramar
83933940 pires / sc",SC
Isadora Carvalho,917.***.***-13,0.0,,"pátio de da paz, 57
são joão
47963078 da rosa / sc",SC
Sr. Vitor Da Rocha,234.***.***-51,0.0,,Endereço Inválido,TO
Isadora Pereira,501.***.***-06,0.0,,Endereço Inválido,BA
Dr. Bernardo Da Cunha,147.***.***-79,0.0,,Endereço Inválido,MT
Gabrielly Mendes,954.***.***-50,0.0,,Endereço Inválido,RJ
Sr. Bruno Da Mata,473.***.***-99,0.0,,Endereço Inválido,TO
Breno Rocha,237.***.***-52,0.0,,Endereço Inválido,PA
Luigi Ferreira,148.***.***-19,0.0,,Endereço Inválido,AP
Davi Lucca Da Cruz,862.***.***-78,0.0,,Endereço Inválido,AL
Henrique Almeida,824.***.***-31,0.0,,Endereço Inválido,MS
Dr. Vitor Hugo Caldeira,943.***.***-42,0.0,,Endereço Inválido,SE
Alexia Souza,348.***.***-48,0.0,,"lagoa alves, 97
buritis
77554-758 dias / mt",MT
Luiza Azevedo,683.***.***-92,0.0,,Endereço Inválido,AL
Dr. Kaique Da Mota,143.***.***-60,0.0,,Endereço Inválido,TO
Laura Lima,051.***.***-41,0.0,,"área oliveira, 91
são paulo
64776374 nunes / sp",SP
Raul Rodrigues,039.***.***-05,0.0,,Endereço Inválido,BA
Joaquim Melo,305.***.***-21,0.0,,Endereço Inválido,PE
Benjamin Cardoso,054.***.***-44,0.0,,"trevo da cunha, 2
são bento
96921591 correia / al",AL
João Miguel Lopes,741.***.***-26,0.0,,"via de nunes, 63
olaria
31900805 alves / es",ES
Letícia Da Mota,587.***.***-02,0.0,,Endereço Inválido,CE
Levi Da Rocha,840.***.***-92,0.0,,Endereço Inválido,AC
Lorena Caldeira,625.***.***-60,0.0,,Endereço Inválido,BA
Cauê Nogueira,473.***.***-64,0.0,,Endereço Inválido,ES
Sra. Yasmin Ferreira,805.***.***-68,0.0,,"lago de da cunha, 6
custodinha
00656680 alves / rn",RN
Nicole Almeida,529.***.***-79,0.0,,Endereço Inválido,MG
Fernando Pereira,560.***.***-59,0.0,,Endereço Inválido,PR
Breno Pereira,916.***.***-91,0.0,,Endereço Inválido,PI
Clara Dias,190.***.***-50,0.0,,Endereço Inválido,DF
Dra. Milena Vieira,237.***.***-87,0.0,,Endereço Inválido,MG
Vitor Gabriel Porto,394.***.***-43,0.0,,Endereço Inválido,ES
Sr. Erick Da Rosa,971.***.***-84,0.0,,Endereço Inválido,AL
Marcos Vinicius Da Cunha,709.***.***-04,0.0,,Endereço Inválido,RN
Sra. Nina Pires,651.***.***-26,0.0,,Endereço Inválido,RS
Felipe Ribeiro,259.***.***-60,0.0,,Endereço Inválido,PE
Maria Julia Porto,864.***.***-07,0.0,,Endereço Inválido,GO
Pedro Cardoso,125.***.***-50,0.0,,Endereço Inválido,PA
Rebeca Da Paz,047.***.***-66,0.0,,"sítio de costa, 5
pantanal
19576291 costa / to",TO
Enrico Gonçalves,637.***.***-46,0.0,,Endereço Inválido,MG
Murilo Campos,031.***.***-22,0.0,,Endereço Inválido,SP
Olivia Porto,608.***.***-65,0.0,,Endereço Inválido,AC
Mirella Da Conceição,854.***.***-05,0.0,,Endereço Inválido,AM
Stephany Cardoso,453.***.***-46,0.0,,Endereço Inválido,RO
Sr. Enrico Melo,829.***.***-89,0.0,,Endereço Inválido,GO
Dr. Gabriel Souza,432.***.***-52,0.0,,Endereço Inválido,CE
Davi Jesus,914.***.***-70,0.0,,Endereço Inválido,RO
Guilherme Freitas,517.***.***-07,0.0,,Endereço Inválido,SE
Theo Costa,705.***.***-49,0.0,,Endereço Inválido,RN
Dr. Gustavo Henrique Das Neves,430.***.***-00,0.0,,Endereço Inválido,MA
Maria Luiza Gomes,821.***.***-53,0.0,,Endereço Inválido,BA
Davi Lucas Peixoto,610.***.***-07,0.0,,"área thomas moraes, 58
canaa
13457754 fogaça / rj",RJ
Bruna Almeida,610.***.***-57,0.0,,Endereço Inválido,PR
Juliana Ramos,846.***.***-05,0.0,,Endereço Inválido,AM
Sarah Nascimento,560.***.***-99,0.0,,Endereço Inválido,MT
Brenda Da Luz,037.***.***-22,0.0,,"viela danilo farias, 54
lagoa
03246-491 gomes / pe",PE
Heloísa Da Costa,648.***.***-19,0.0,,Endereço Inválido,SE
Emanuella Araújo,758.***.***-82,0.0,,Endereço Inválido,AC
Vitor Viana,036.***.***-34,0.0,,Endereço Inválido,AC
Yago Lopes,720.***.***-59,0.0,,Endereço Inválido,RO
Lívia Souza,308.***.***-50,0.0,,Endereço Inválido,CE
Gabriela Cavalcanti,359.***.***-41,0.0,,Endereço Inválido,MA
Enzo Nogueira,309.***.***-00,0.0,,Endereço Inválido,MG
Dr. Ian Barbosa,412.***.***-03,0.0,,Endereço Inválido,PI
Gabriela Rocha,348.***.***-35,0.0,,Endereço Inválido,MA
Maria Julia Martins,576.***.***-12,0.0,,Endereço Inválido,PB
Dra. Marina Santos,950.***.***-02,0.0,,"viela alana souza, 456
união
33893264 almeida / df",DF
Heloísa Teixeira,635.***.***-07,0.0,,Endereço Inválido,PA
Paulo Farias,593.***.***-15,0.0,,Endereço Inválido,AP
Gabrielly Cardoso,127.***.***-43,0.0,,"estrada da cruz
aparecida
12482-253 alves / ap",AP
Davi Aragão,598.***.***-20,0.0,,Endereço Inválido,SE
Yago Peixoto,380.***.***-05,0.0,,Endereço Inválido,PI
Erick Da Conceição,983.***.***-83,0.0,,"morro nunes, 657
ipe
17146-952 campos / ce",CE
Isis Araújo,216.***.***-13,0.0,,Endereço Inválido,SP
Dr. Nicolas Rezende,460.***.***-49,0.0,,Endereço Inválido,PA
Sr. Samuel Nascimento,914.***.***-24,0.0,,Endereço Inválido,AC
Sra. Maria Fernanda Barbosa,718.***.***-03,0.0,,Endereço Inválido,GO
Luiz Felipe Farias,069.***.***-74,0.0,,Endereço Inválido,AL
Sr. Calebe Silva,402.***.***-49,0.0,,Endereço Inválido,ES
Emanuella Gonçalves,107.***.***-02,0.0,,Endereco Inválido,desconhecido
Augusto Oliveira,246.***.***-17,0.0,,Endereço Inválido,RO
Pedro Azevedo,953.***.***-65,0.0,,Endereço Inválido,RS
Sra. Maria Luiza Fogaça,650.***.***-06,0.0,,Endereço Inválido,MT
Eduarda Oliveira,365.***.***-83,0.0,,Endereço Inválido,PB
Paulo Ramos,490.***.***-43,0.0,,Endereço Inválido,DF
Beatriz Pires,275.***.***-21,0.0,,"recanto de castro
centro
11181216 nogueira / ma",MA
Fernando Azevedo,790.***.***-99,0.0,,Endereço Inválido,RO
Eloah Silva,037.***.***-61,0.0,,Endereço Inválido,BA
Caio Araújo,407.***.***-14,0.0,,Endereço Inválido,GO
Sra. Valentina Sales,269.***.***-31,0.0,,"sítio ramos, 73
cachoeirinha
27212763 jesus / mg",MG
Melissa Cunha,719.***.***-73,0.0,,Endereço Inválido,MT
Laís Da Paz,139.***.***-33,0.0,,Endereço Inválido,SP
Heitor Silveira,183.***.***-89,0.0,,Endereço Inválido,MA
Fernanda Moraes,064.***.***-44,0.0,,Endereço Inválido,PI
Alana Souza,801.***.***-42,0.0,,"praia moreira, 1
cardoso
95586377 rezende / se",SE
Srta. Caroline Da Rosa,192.***.***-98,0.0,,Endereço Inválido,SP
Stephany Vieira,682.***.***-22,0.0,,Endereço Inválido,MS
Enzo Barros,794.***.***-16,0.0,,Endereço Inválido,GO
Caroline Peixoto,036.***.***-30,0.0,,Endereço Inválido,RR
Maria Vitória Novaes,804.***.***-58,0.0,,Endereço Inválido,GO
Bruna Moura,240.***.***-06,0.0,,Endereço Inválido,MG
Maitê Peixoto,501.***.***-58,0.0,,Endereço Inválido,PI
Dr. Anthony Barbosa,749.***.***-20,0.0,,Endereço Inválido,AP
Alexandre Jesus,269.***.***-34,0.0,,Endereço Inválido,BA
Marcos Vinicius Campos,421.***.***-22,0.0,,Endereço Inválido,RJ
João Miguel Moura,371.***.***-05,0.0,,Endereço Inválido,MS
Ana Júlia Cardoso,096.***.***-00,0.0,,Endereço Inválido,RJ
Stella Rodrigues,870.***.***-92,0.0,,Endereço Inválido,ES
Rebeca Da Rosa,640.***.***-22,0.0,,Endereço Inválido,SC
Henrique Monteiro,378.***.***-73,0.0,,Endereço Inválido,SP
Ana Beatriz Teixeira,243.***.***-17,0.0,,Endereço Inválido,PE
Luigi Da Rosa,316.***.***-87,0.0,,Endereço Inválido,MG
Melissa Dias,170.***.***-05,0.0,,Endereço Inválido,PI
Beatriz Nunes,483.***.***-44,0.0,,Endereço Inválido,SC
Raquel Campos,213.***.***-13,0.0,,Endereço Inválido,GO
Alícia Nascimento,578.***.***-59,0.0,,Endereço Inválido,TO
Maria Julia Vieira,495.***.***-67,0.0,,"vale oliveira, 15
gameleira
25736494 martins / pr",PR
Igor Ramos,695.***.***-77,0.0,,Endereço Inválido,AC
Alice Cardoso,123.***.***-09,0.0,,Endereço Inválido,PR
Julia Das Neves,201.***.***-32,0.0,,Endereço Inválido,PI
Kamilly Rezende,470.***.***-74,0.0,,Endereço Inválido,RO
Breno Freitas,205.***.***-41,0.0,,Endereço Inválido,PA
Ana Lívia Da Paz,347.***.***-69,0.0,,Endereço Inválido,RJ
Sr. Daniel Cavalcanti,609.***.***-33,0.0,,Endereço Inválido,GO
Sr. Pedro Cavalcanti,863.***.***-84,0.0,,Endereço Inválido,BA
João Melo,053.***.***-20,0.0,,Endereço Inválido,AL
Eloah Viana,694.***.***-22,0.0,,Endereço Inválido,PB
Catarina Vieira,631.***.***-28,0.0,,"lagoa moraes, 1
fazendinha
30786-621 nunes / go",GO
Dra. Emanuelly Da Luz,549.***.***-20,0.0,,Endereço Inválido,RS
Júlia Araújo,324.***.***-14,0.0,,Endereço Inválido,AL
Enrico Aragão,496.***.***-34,0.0,,"trevo de porto
jardim leblon
25265042 costela / am",AM
Sr. Bruno Pires,428.***.***-49,0.0,,Endereço Inválido,AM
Daniela Freitas,786.***.***-28,0.0,,Endereço Inválido,CE
Samuel Caldeira,801.***.***-86,0.0,,Endereço Inválido,AP
Nome Inválido,930.***.***-38,0.0,,Endereço Inválido,RN
Nome Inválido,146.***.***-00,0.0,,Endereço Inválido,PB
Renan Da Luz,294.***.***-23,0.0,,Endereço Inválido,PR
Caroline Costa,401.***.***-88,0.0,,Endereço Inválido,RS
Giovanna Farias,241.***.***-35,0.0,,Endereço Inválido,RJ
Maitê Araújo,496.***.***-55,0.0,,Endereço Inválido,RS
Lavínia Da Mota,039.***.***-00,0.0,,Endereço Inválido,ES
Igor Cardoso,345.***.***-05,0.0,,Endereço Inválido,AM
Maria Julia Campos,018.***.***-13,0.0,,Endereço Inválido,MG
Marcos Vinicius Das Neves,617.***.***-02,0.0,,Endereço Inválido,RO
Isabel Barbosa,986.***.***-02,0.0,,Endereço Inválido,MG
Ryan Gomes,861.***.***-60,0.0,,Endereço Inválido,SP
Breno Duarte,463.***.***-98,0.0,,Endereço Inválido,TO
Eloah Peixoto,064.***.***-16,0.0,,Endereço Inválido,MG
Luiza Sales,726.***.***-80,0.0,,Endereço Inválido,GO
Dr. Alexandre Sales,427.***.***-40,0.0,,Endereço Inválido,SP
Alícia Campos,162.***.***-94,0.0,,Endereço Inválido,GO
Luigi Porto,826.***.***-83,0.0,,Endereço Inválido,PI
